feature,target,mean_abs_shap,mean_signed_shap,shap_share_within_target,pearson_r,pearson_abs_r,pearson_p_value,shap_rank_within_target,pearson_rank_within_target,combined_rank_within_target
A27,S1_VH,3.1368989911351854,0.427270395876043,0.3164166306280933,0.9221255832776929,0.9221255832776929,0.0,1.0,1.0,1.0
A63,S1_VH,1.8900403774384387,-0.05909013743091977,0.19064694453668107,-0.87772894418995,0.87772894418995,0.0,2.0,3.0,2.5
A11,S1_VH,0.33053021413809774,-0.08380674008505705,0.033340332912827265,0.8290039643366698,0.8290039643366698,0.0,5.0,8.0,6.5
A17,S1_VH,0.1651817083290535,0.0022317903894646073,0.016661754088536138,0.829346124036652,0.829346124036652,0.0,10.0,7.0,8.5
A25,S1_VH,0.5438244299725902,0.05272775752012051,0.05485515927399998,0.8012730217748825,0.8012730217748825,0.0,3.0,15.0,9.0
A34,S1_VH,0.3061886912037931,-0.011823821645053937,0.030885021889745227,0.812974751047728,0.812974751047728,0.0,6.0,13.0,9.5
A26,S1_VH,0.46737148119526,0.2026237362416655,0.04714340810761934,-0.6328838914478063,0.6328838914478063,3.9710983696212676e-281,4.0,29.0,16.5
A02,S1_VH,0.08541169501141847,-0.030029727984029076,0.008615413128736819,0.7720584428120425,0.7720584428120425,0.0,17.0,17.0,17.0
A24,S1_VH,0.10784197690098254,-0.04026714761508748,0.010877938711993109,0.7114058314762338,0.7114058314762338,0.0,14.0,21.0,17.5
A31,S1_VH,0.03958315705586071,0.020180875434563306,0.003992723138562266,-0.8759274331345868,0.8759274331345868,0.0,31.0,4.0,17.5
A14,S1_VH,0.2862891028621489,-0.12101538578945795,0.028877765452179627,-0.6356891374114972,0.6356891374114972,2.2544355349673227e-284,8.0,28.0,18.0
A50,S1_VH,0.06695301386013038,0.02137184410610668,0.006753499910544461,-0.8180906833311448,0.8180906833311448,0.0,24.0,12.0,18.0
A43,S1_VH,0.03994220896581796,-0.009490041281847482,0.004028940433378043,-0.8509503735874664,0.8509503735874664,0.0,30.0,6.0,18.0
A44,S1_VH,0.07513221265305398,-0.0006702646873051442,0.007578529511627565,0.7537730710647605,0.7537730710647605,0.0,19.0,19.0,19.0
A46,S1_VH,0.0758754818388771,0.0738999677636558,0.007653502512700428,0.7100141257299373,0.7100141257299373,0.0,18.0,22.0,20.0
A49,S1_VH,0.28933479245111815,-0.07727437918174672,0.02918498185933973,0.5407485121000376,0.5407485121000376,1.0487340294839248e-190,7.0,36.0,21.5
A36,S1_VH,0.022751823970012703,0.016767988349719883,0.0022949592899163466,-0.864205303579408,0.864205303579408,0.0,44.0,5.0,24.5
A19,S1_VH,0.1681395497204582,-0.05507324268736213,0.016960109314396277,0.43823479299664264,0.43823479299664264,2.364456322515341e-118,9.0,42.0,25.5
A05,S1_VH,0.03912319884711303,0.006948466486483873,0.003946327501644098,-0.7523018344472847,0.7523018344472847,0.0,32.0,20.0,26.0
A30,S1_VH,0.018505970670108826,-0.006822421919716664,0.0018666832762183143,0.8822015287679844,0.8822015287679844,0.0,52.0,2.0,27.0
A39,S1_VH,0.09160060490491806,-0.011370084365917054,0.009239683792630063,-0.4703257770014091,0.4703257770014091,2.082348158624902e-138,16.0,40.0,28.0
A56,S1_VH,0.022201097032808478,-0.011234590282758328,0.0022394078799542333,0.8241630345538262,0.8241630345538262,0.0,46.0,10.0,28.0
A53,S1_VH,0.036964073516912936,0.001966616626842471,0.003728538161274407,0.694589395790925,0.694589395790925,0.0,33.0,24.0,28.5
A32,S1_VH,0.036169731029918745,0.0027519489473400837,0.003648413434909378,-0.6986551916573258,0.6986551916573258,0.0,34.0,23.0,28.5
A29,S1_VH,0.10471394778066449,-0.004738811479047898,0.010562416778531229,0.410386031077245,0.410386031077245,1.2879011202377586e-102,15.0,43.0,29.0
A35,S1_VH,0.056842995717358645,0.000454864050092513,0.005733710020795071,-0.5967855442174164,0.5967855442174164,3.4986111817757738e-242,25.0,33.0,29.0
A55,S1_VH,0.022669035110001446,-0.002254601651622273,0.002286608440171955,-0.8012890554441169,0.8012890554441169,0.0,45.0,14.0,29.5
A10,S1_VH,0.045720263508442334,-0.009877966157332453,0.004611768428518854,-0.6066786547783886,0.6066786547783886,2.331366288367798e-252,29.0,31.0,30.0
A08,S1_VH,0.11539122546766095,-0.01636732060819698,0.011639425709818919,-0.24397965239894165,0.24397965239894165,2.3747265593564935e-35,12.0,51.0,31.5
A48,S1_VH,0.021318524383536055,0.0002970325670520406,0.0021503834437972273,0.7965657268098094,0.7965657268098094,0.0,47.0,16.0,31.5
A04,S1_VH,0.05369511110524078,-0.005920299630045479,0.005416185278880474,0.47644571630852917,0.47644571630852917,1.755311701610703e-142,26.0,39.0,32.5
A06,S1_VH,0.03194774495316794,0.012904667163584965,0.0032225448899739313,-0.632245036165666,0.632245036165666,2.1548853656853966e-280,36.0,30.0,33.0
A61,S1_VH,0.017270728800279782,-0.002956676626480881,0.001742085362301867,0.8195079389991764,0.8195079389991764,0.0,56.0,11.0,33.5
A37,S1_VH,0.07017417341054376,-0.01580788987761326,0.0070784158401098135,0.3246981144755423,0.3246981144755423,9.774147470046192e-63,21.0,47.0,34.0
A59,S1_VH,0.12401967206738489,-0.030546506790758727,0.012509770597669794,0.06294156902254172,0.06294156902254172,0.001601941637466558,11.0,59.0,35.0
A57,S1_VH,0.015427207387047202,-0.0025906210217882582,0.0015561307505294615,-0.8245957009336332,0.8245957009336332,0.0,61.0,9.0,35.0
A45,S1_VH,0.11449660589762355,-0.00030528962887360205,0.011549186109868412,-0.07800356419179255,0.07800356419179255,9.12451007937222e-05,13.0,58.0,35.5
A58,S1_VH,0.07160323425145021,-0.028817611359979827,0.007222564127166559,-0.22496111816981484,0.22496111816981484,3.5694546194206795e-30,20.0,52.0,36.0
A12,S1_VH,0.06954625165530742,0.009818152681867212,0.0070150778471902335,-0.24509627272052886,0.24509627272052886,1.1407699756669667e-35,22.0,50.0,36.0
A18,S1_VH,0.04820082321375479,0.008000757986154456,0.004861980611392726,-0.3833261870816639,0.3833261870816639,1.0767657027385103e-88,28.0,44.0,36.0
A52,S1_VH,0.05329245212336794,-0.01771200000782071,0.005375569371675175,0.28075272167264165,0.28075272167264165,1.0489704099810162e-46,27.0,49.0,38.0
A21,S1_VH,0.03372030577236726,0.0021721001554111394,0.0034013417602523246,-0.4502405270389379,0.4502405270389379,1.3219961861743778e-125,35.0,41.0,38.0
A09,S1_VH,0.026450679818202955,0.005410140124201084,0.002668060084035267,-0.4769263669254457,0.4769263669254457,8.333894295498658e-143,39.0,38.0,38.5
A42,S1_VH,0.016404410984267915,0.005381334573266931,0.0016547005388918008,-0.7690409930658404,0.7690409930658404,0.0,59.0,18.0,38.5
A00,S1_VH,0.019532573294440452,-0.003810399605701179,0.0019702359071136497,0.6483006719993953,0.6483006719993953,2.160405994263601e-299,51.0,27.0,39.0
A41,S1_VH,0.021201308830400514,-0.0023598179375832686,0.002138559999534225,0.5941631942467461,0.5941631942467461,1.5211240229045889e-239,48.0,34.0,41.0
A62,S1_VH,0.06871102077968065,0.0067137207395110325,0.0069308287399638836,0.059656839267921494,0.059656839267921494,0.0027845529987756833,23.0,60.0,41.5
A03,S1_VH,0.01816286229943036,-0.0073000733685079635,0.0018320741941607861,0.6018237485334399,0.6018237485334399,2.547304490428693e-247,54.0,32.0,43.0
A13,S1_VH,0.015703730003361453,0.0021694443320994044,0.001584023377864254,0.661657040032267,0.661657040032267,4.2560376e-316,60.0,26.0,43.0
A15,S1_VH,0.026037202314977595,-0.00013413988293254,0.002626352920756879,-0.2827727114454631,0.2827727114454631,2.208093020314957e-47,40.0,48.0,44.0
A54,S1_VH,0.024854938959776786,-0.0036221747028604132,0.0025070989095742208,0.3704350195796263,0.3704350195796263,1.6506768654166746e-82,43.0,45.0,44.0
A23,S1_VH,0.013054981968341872,0.004527290929076954,0.001316846165275594,-0.6819704687295216,0.6819704687295216,0.0,63.0,25.0,44.0
A60,S1_VH,0.018103223477834596,0.006881160622764386,0.0018260584712964892,0.49276030533422777,0.49276030533422777,9.322364106136339e-154,55.0,37.0,46.0
A07,S1_VH,0.017174306719022633,-0.0009043636602476453,0.001732359339833259,-0.5737210334718503,0.5737210334718503,8.708800359664263e-220,57.0,35.0,46.0
A40,S1_VH,0.03107564491596408,-0.0035901449884355474,0.003134576818281951,0.108521171293659,0.108521171293659,4.9980126658490344e-08,38.0,55.0,46.5
A51,S1_VH,0.025080854809193795,-0.004996975233360529,0.0025298868705764797,0.1756549349739414,0.1756549349739414,7.535389530916982e-19,42.0,54.0,48.0
A22,S1_VH,0.025885768158075664,0.006438026190139796,0.0026110778717915394,-0.1063335959912685,0.1063335959912685,9.250760572456063e-08,41.0,56.0,48.5
A28,S1_VH,0.031236508355955064,-0.00882852610393225,0.003150802991906615,-0.025789633172696624,0.025789633172696624,0.19639635342589903,37.0,62.0,49.5
A01,S1_VH,0.02080003058458021,0.004425947576607457,0.0020980833661310995,-0.1859821906305843,0.1859821906305843,5.613994060255187e-21,49.0,53.0,51.0
A47,S1_VH,0.015348614788594122,0.00029469912847011307,0.0015482031745172576,-0.33859518252806586,0.33859518252806586,2.1326978147821465e-68,62.0,46.0,54.0
A16,S1_VH,0.02066450943543848,0.0091700662171163,0.002084413450232802,-0.007020696886994412,0.007020696886994412,0.7251116878005001,50.0,63.0,56.5
A38,S1_VH,0.018323974241877133,-0.0014129975136545803,0.0018483254340403675,-0.03479706234740704,0.03479706234740704,0.08127488765674859,53.0,61.0,57.0
A20,S1_VH,0.011392575405637251,-0.0022583832998043295,0.001149160471604383,0.10399168151371675,0.10399168151371675,1.7644653886953073e-07,64.0,57.0,60.5
A33,S1_VH,0.016719038577639057,-0.007399574121287782,0.001686436786465745,0.005284219237418603,0.005284219237418603,0.7912701696312199,58.0,64.0,61.0
A27,S1_VV,1.279310705425766,0.07004986616940538,0.1605952602096039,0.8571802084867841,0.8571802084867841,0.0,2.0,4.0,3.0
A11,S1_VV,0.6108265732702473,-0.09312859709862781,0.07667867708855675,0.8611382923347886,0.8611382923347886,0.0,3.0,3.0,3.0
A63,S1_VV,1.5595391355059771,0.026695691271528633,0.19577307702610808,-0.8450643066614028,0.8450643066614028,0.0,1.0,6.0,3.5
A17,S1_VV,0.37474461217037486,0.14849616235261348,0.04704268341412751,0.8456270900268109,0.8456270900268109,0.0,6.0,5.0,5.5
A30,S1_VV,0.11029465919512109,-0.006399721467875783,0.013845580606843337,0.8901466760490555,0.8901466760490555,0.0,13.0,1.0,7.0
A34,S1_VV,0.4995095089272891,0.10076541471277912,0.06270475125638217,0.8123026014702208,0.8123026014702208,0.0,4.0,11.0,7.5
A36,S1_VV,0.09721223121627727,0.015582731771525698,0.012203308783020365,-0.8849340734476749,0.8849340734476749,0.0,16.0,2.0,9.0
A49,S1_VV,0.3763952545882457,-0.11518162224607455,0.04724989292741206,0.6551105831398742,0.6551105831398742,8.384701969773272e-308,5.0,22.0,13.5
A44,S1_VV,0.23539674957622692,0.05438994641561562,0.02954997725756368,0.7132202493289608,0.7132202493289608,0.0,8.0,19.0,13.5
A48,S1_VV,0.07073756933502609,0.02755902744342755,0.008879874377485698,0.8251991491173247,0.8251991491173247,0.0,19.0,9.0,14.0
A43,S1_VV,0.05951732185455335,-0.017715471537039378,0.007471367002302765,-0.8352029407479179,0.8352029407479179,0.0,21.0,7.0,14.0
A14,S1_VV,0.2155394050020841,-0.06347097349220099,0.02705723221491596,-0.7083440874532211,0.7083440874532211,0.0,9.0,20.0,14.5
A42,S1_VV,0.05181437359783733,0.033047245478030056,0.006504395511779108,-0.7956433166532424,0.7956433166532424,0.0,24.0,13.0,18.5
A39,S1_VV,0.3242144432353367,-0.08907929765233444,0.040699497513985314,-0.6104815478745726,0.6104815478745726,2.288740503955545e-256,7.0,32.0,19.5
A26,S1_VV,0.1927206583549015,0.106124382631241,0.024192734528842342,-0.5855046835550954,0.5855046835550954,5.282305172754456e-231,10.0,33.0,21.5
A31,S1_VV,0.038945327796141536,0.02290352318552702,0.004888910117646627,-0.8227404785622041,0.8227404785622041,0.0,34.0,10.0,22.0
A50,S1_VV,0.041069757279199065,0.011867011179535467,0.005155595375716935,-0.7638709930795039,0.7638709930795039,0.0,33.0,17.0,25.0
A57,S1_VV,0.026023840238590633,-0.014287419207441704,0.003266841571046428,-0.8266112260681742,0.8266112260681742,0.0,42.0,8.0,25.0
A19,S1_VV,0.1478901377676519,-0.021823406791090523,0.018565040577320786,0.3863480358102768,0.3863480358102768,3.477462300561302e-90,11.0,43.0,27.0
A46,S1_VV,0.05061222375387618,0.0038107398143545895,0.006353486458815604,0.6277867245816804,0.6277867245816804,2.5794206106915778e-275,25.0,29.0,27.0
A05,S1_VV,0.025546069381787485,-0.004981359993801161,0.003206865730350769,-0.7920282817482264,0.7920282817482264,0.0,44.0,15.0,29.5
A61,S1_VV,0.02494398608833949,-0.0066941428891786805,0.0031312846203287465,0.7922404153341729,0.7922404153341729,0.0,45.0,14.0,29.5
A32,S1_VV,0.04402056693169641,0.003367725806568044,0.005526018324545545,-0.6161369294624376,0.6161369294624376,1.9826275338932422e-262,29.0,31.0,30.0
A08,S1_VV,0.10782070704499684,-0.017761906707956115,0.013535018842910402,-0.3083076193578659,0.3083076193578659,1.9720219617369662e-56,14.0,47.0,30.5
A29,S1_VV,0.10285220954869484,0.010264827075679227,0.012911310196617294,0.31315753983795647,0.31315753983795647,2.954938783591754e-58,15.0,46.0,30.5
A07,S1_VV,0.029648918814430394,0.006631237955507149,0.0037219072831507407,-0.647116473170577,0.647116473170577,5.958608361721331e-298,37.0,24.0,30.5
A13,S1_VV,0.02900826629721047,0.0003300687650217882,0.003641484476345079,0.6456707842622743,0.6456707842622743,3.3509738152063335e-296,38.0,25.0,31.5
A03,S1_VV,0.048225483130291194,-0.010528327583615183,0.006053872588727728,0.48006540112641055,0.48006540112641055,6.242157842453286e-145,27.0,37.0,32.0
A15,S1_VV,0.05416804233913972,0.010188433162426317,0.006799857780916355,-0.3266372780888618,0.3266372780888618,1.6509469428676858e-63,22.0,45.0,33.5
A35,S1_VV,0.022142256464755202,0.004717666823964667,0.002779576082263532,-0.6515987683671967,0.6515987683671967,1.9415612680462286e-303,47.0,23.0,35.0
A62,S1_VV,0.13609964367753147,0.02874443360812315,0.017084948635330423,-0.06948550035894341,0.06948550035894341,0.0004932634003127101,12.0,59.0,35.5
A24,S1_VV,0.027165705644573844,-0.01091840952957945,0.0034101829588894924,0.6183055344241442,0.6183055344241442,8.702336336709933e-265,41.0,30.0,35.5
A02,S1_VV,0.014173734545670235,-0.005878006716464442,0.001779266426717044,0.8018736827214109,0.8018736827214109,0.0,59.0,12.0,35.5
A55,S1_VV,0.015075233455707302,0.0027150923849765455,0.0018924339718818398,-0.782997320702089,0.782997320702089,0.0,56.0,16.0,36.0
A25,S1_VV,0.018191786082192574,-0.0029904286715244674,0.0022836630750892226,0.6925491029448223,0.6925491029448223,0.0,53.0,21.0,37.0
A21,S1_VV,0.042787406113755845,0.009397193589650696,0.005371216381907581,-0.3329855876778126,0.3329855876778126,4.461775275973553e-66,31.0,44.0,37.5
A60,S1_VV,0.03501264528923752,0.010732552644535341,0.00439523006960246,0.410881478324812,0.410881478324812,6.961670389915423e-103,35.0,40.0,37.5
A06,S1_VV,0.020847096083570955,-0.00011142820909490837,0.0026169911702892115,-0.6423826136162007,0.6423826136162007,2.953451861196118e-292,50.0,26.0,38.0
A16,S1_VV,0.06298608410720097,0.019937655835439726,0.007906809912462577,0.08982598507580464,0.08982598507580464,6.542821146433793e-06,20.0,57.0,38.5
A40,S1_VV,0.09019337074333215,0.009156285980638104,0.011322212643320366,-0.03215435390698719,0.03215435390698719,0.10720914542538026,17.0,61.0,39.0
A45,S1_VV,0.07525821974375559,-0.013242889029809777,0.009447363593066794,-0.02621238771301573,0.02621238771301573,0.18915896984422487,18.0,62.0,40.0
A04,S1_VV,0.02828363041769342,0.0057903390547679005,0.003550519015699202,0.408421810276295,0.408421810276295,1.4609982955237378e-101,39.0,41.0,40.0
A53,S1_VV,0.01875047817823653,-0.0004438270144537346,0.0023537971732099506,0.6304645363949156,0.6304645363949156,2.3519492038427277e-278,52.0,28.0,40.0
A56,S1_VV,0.011777800004892794,-0.003909705746493762,0.001478498419860356,0.7392899231476473,0.7392899231476473,0.0,62.0,18.0,40.0
A01,S1_VV,0.04480310787118874,0.002989871895844283,0.005624252760691073,-0.15945184702078666,0.15945184702078666,9.16084127706851e-16,28.0,54.0,41.0
A12,S1_VV,0.043297931882558684,-0.0015476641485782446,0.0054353040334349815,-0.16494553790682565,0.16494553790682565,8.921721202326336e-17,30.0,52.0,41.0
A37,S1_VV,0.027783335884852288,0.0055053121098312795,0.00348771571831233,0.39936597748005276,0.39936597748005276,8.646768481159246e-97,40.0,42.0,41.0
A59,S1_VV,0.05346583564795426,-0.005060064470501372,0.006711707915669724,-0.02136109099086868,0.02136109099086868,0.2846234540338456,23.0,63.0,43.0
A28,S1_VV,0.048965581115863535,-0.003865355898423293,0.006146779048487273,-0.0627764100270235,0.0627764100270235,0.001648103637679103,26.0,60.0,43.0
A10,S1_VV,0.019476561479575456,-0.011820705716017593,0.0024449443325496086,-0.56384738467038,0.56384738467038,9.861066117296765e-211,51.0,35.0,43.0
A58,S1_VV,0.041898560116735956,0.003573477001395443,0.0052596371904162,-0.12556639803310465,0.12556639803310465,2.7193442176833224e-10,32.0,55.0,43.5
A00,S1_VV,0.01363025941728247,-0.00192791577309844,0.0017110425548376683,0.6353060972370245,0.6353060972370245,6.283916490938548e-284,60.0,27.0,43.5
A52,S1_VV,0.0344694182227904,-0.005826995498036383,0.004327037337595312,0.1602438927954411,0.1602438927954411,6.580698771429962e-16,36.0,53.0,44.5
A47,S1_VV,0.025838305115402433,1.7723186560192075e-05,0.003243550855772914,-0.28679205777086303,0.28679205777086303,9.563327468627119e-49,43.0,48.0,45.5
A23,S1_VV,0.014882238351591809,0.006272947650559445,0.001868206785449993,-0.5716994724911315,0.5716994724911315,6.58871258778839e-218,57.0,34.0,45.5
A54,S1_VV,0.015554498733360914,0.0017605933930507378,0.0019525974111837833,0.4475600199385703,0.4475600199385703,5.832515921096972e-124,55.0,38.0,46.5
A18,S1_VV,0.024849355120346136,0.006491691699556831,0.0031194053443527655,-0.26310894680340496,0.26310894680340496,4.95031513382011e-41,46.0,49.0,47.5
A41,S1_VV,0.010905698188364753,0.0019400474396605658,0.0013690211696813408,0.48345602244898095,0.48345602244898095,2.9813726575284667e-147,64.0,36.0,50.0
A09,S1_VV,0.011264519204568049,-0.000685220545978504,0.0014140649219312408,-0.4238389565680176,0.4238389565680176,4.933246910522412e-110,63.0,39.0,51.0
A38,S1_VV,0.021432967895117325,0.003352768200065552,0.002690537210063379,0.07705048116093599,0.07705048116093599,0.00011117383187164785,49.0,58.0,53.5
A20,S1_VV,0.014192707695865833,0.0010513269837564877,0.001781648176498184,0.19236797706689476,0.19236797706689476,2.342739740258535e-22,58.0,51.0,54.5
A33,S1_VV,0.017685503751079756,0.006509658787585737,0.0022201081135308194,-0.09933016557389024,0.09933016557389024,6.123466663245762e-07,54.0,56.0,55.0
A51,S1_VV,0.012730073895052197,-0.0032638529416385126,0.0015980398827218465,0.23594247292984669,0.23594247292984669,4.1678114620139136e-33,61.0,50.0,55.5
A22,S1_VV,0.021634898104050882,-0.004899955633966656,0.002715886043861398,-0.017275496235669423,0.017275496235669423,0.3868705510010226,48.0,64.0,56.0
A27,S1_VV_div_VH,0.8594425961810614,-0.11148808244631538,0.18264267049113123,-0.6857133117196279,0.6857133117196279,0.0,1.0,2.0,1.5
A25,S1_VV_div_VH,0.691987365775246,-0.02069182799191189,0.14705626762382154,-0.7160539276384086,0.7160539276384086,0.0,2.0,1.0,1.5
A24,S1_VV_div_VH,0.18166391082879896,0.06586513850780336,0.03860593127809612,-0.6278601869419591,0.6278601869419591,2.1306820318508204e-275,5.0,7.0,6.0
A32,S1_VV_div_VH,0.15513415066308212,0.011359426730633386,0.032968014021392045,0.5961160775994808,0.5961160775994808,1.6586092608040794e-241,6.0,11.0,8.5
A03,S1_VV_div_VH,0.09488673098965851,0.0021256686429832854,0.0201646579063365,-0.6299966519023548,0.6299966519023548,8.030993925809454e-278,11.0,6.0,8.5
A21,S1_VV_div_VH,0.14079510731270528,0.03987741733016186,0.029920781801999943,0.5314660925631866,0.5314660925631866,4.345753217363767e-183,7.0,16.0,11.5
A23,S1_VV_div_VH,0.041449272005902385,-0.0024977817743143463,0.008808506539832263,0.6502108025697279,0.6502108025697279,9.935416515455024e-302,23.0,4.0,13.5
A52,S1_VV_div_VH,0.1997554243862808,0.039895932342432106,0.042450611963051214,-0.44035340514280014,0.44035340514280014,1.3032085336521107e-119,4.0,29.0,16.5
A26,S1_VV_div_VH,0.07068554846667673,-0.021529169176054512,0.015021593524047638,0.47707540163615514,0.47707540163615514,6.61353710452808e-143,15.0,21.0,18.0
A30,S1_VV_div_VH,0.06039222024568718,-0.0035188726933374076,0.012834128109979205,-0.4949218945685861,0.4949218945685861,2.687086544328596e-155,16.0,20.0,18.0
A31,S1_VV_div_VH,0.035304449687276,-0.006910934349838233,0.007502652300172274,0.6318080189464682,0.6318080189464682,6.83726556323621e-280,32.0,5.0,18.5
A44,S1_VV_div_VH,0.03567359331973308,-0.007892539000115635,0.00758110009776381,-0.5317049570990431,0.5317049570990431,2.7861994302255867e-183,28.0,15.0,21.5
A40,S1_VV_div_VH,0.11659750469435018,-0.026193371017934522,0.024778478195758288,-0.38652528127466357,0.38652528127466357,2.840063501950174e-90,9.0,36.0,22.5
A50,S1_VV_div_VH,0.0311478756963922,-0.003610372090170813,0.006619326552574513,0.6005378486416755,0.6005378486416755,5.322536059366269e-246,39.0,9.0,24.0
A04,S1_VV_div_VH,0.05070232255034161,0.017598798291047903,0.010774899489326889,-0.4335333521815141,0.4335333521815141,1.3651564352440565e-115,19.0,30.0,24.5
A61,S1_VV_div_VH,0.03379060682014633,0.004622152655282786,0.007180941105980701,-0.539402284566399,0.539402284566399,1.3811111303360313e-189,35.0,14.0,24.5
A62,S1_VV_div_VH,0.13986844347253893,0.010562169573508471,0.02972385374750555,-0.3315868176782642,0.3315868176782642,1.6620431612365323e-65,8.0,43.0,25.5
A18,S1_VV_div_VH,0.03438430499540912,-0.00612128464246455,0.007307109649031207,0.49935124546179593,0.49935124546179593,1.7311776405706248e-158,34.0,19.0,26.5
A53,S1_VV_div_VH,0.02909997995303479,-0.009878078718756143,0.006184122213022068,-0.5514665828181641,0.5514665828181641,8.378923360685639e-200,40.0,13.0,26.5
A12,S1_VV_div_VH,0.10345394613493658,-0.015286565677489374,0.021985301960702176,0.32683289763408807,0.32683289763408807,1.378814550905312e-63,10.0,44.0,27.0
A10,S1_VV_div_VH,0.03613375954718343,-0.001515574083765595,0.007678891374371255,0.4513763164297469,0.4513763164297469,2.6297208544011227e-126,27.0,27.0,27.0
A09,S1_VV_div_VH,0.036832006455173545,-0.008914119132485247,0.007827277875696845,0.3994756094827814,0.3994756094827814,7.585132851304726e-97,25.0,34.0,29.5
A29,S1_VV_div_VH,0.03325580107394776,0.002777009664694835,0.007067287966010978,-0.46224371091921873,0.46224371091921873,3.7449009627528064e-133,36.0,25.0,30.5
A55,S1_VV_div_VH,0.025278885745511792,0.0018296070879425907,0.00537209025956608,0.5081698110108772,0.5081698110108772,5.541393471342336e-165,44.0,18.0,31.0
A41,S1_VV_div_VH,0.019601758105600615,0.004127655382802516,0.004165627189804588,-0.600135012259217,0.600135012259217,1.3753538645690675e-245,52.0,10.0,31.0
A56,S1_VV_div_VH,0.01791454758967198,0.005647396147943334,0.003807073127346872,-0.6745389846031798,0.6745389846031798,0.0,59.0,3.0,31.0
A39,S1_VV_div_VH,0.2362403152965855,0.009556774077431678,0.05020412329475136,-0.0486084190527173,0.0486084190527173,0.014851129866569817,3.0,60.0,31.5
A06,S1_VV_div_VH,0.04778270548306959,-0.013607847296921634,0.010154443090787264,0.344479143668595,0.344479143668595,6.9593770134206395e-71,21.0,42.0,31.5
A43,S1_VV_div_VH,0.02172740078259768,0.0027385063782421,0.00461735375858507,0.5312093143720611,0.5312093143720611,7.005244785205325e-183,47.0,17.0,32.0
A01,S1_VV_div_VH,0.08780193859580056,-0.01104500626880736,0.01865904786508499,0.16917828404878252,0.16917828404878252,1.4031090172578285e-17,12.0,53.0,32.5
A59,S1_VV_div_VH,0.05801449889457232,-0.005086484490396611,0.012328831561750044,-0.23041619627747942,0.23041619627747942,1.3029730250564036e-31,17.0,49.0,33.0
A57,S1_VV_div_VH,0.025028424237387208,0.0027660477630597137,0.005318863948812601,0.47504344883003136,0.47504344883003136,1.5318441634443513e-141,45.0,22.0,33.5
A42,S1_VV_div_VH,0.03532663562583669,0.0072603126870313915,0.00750736709914091,0.38620433780359265,0.38620433780359265,4.097448769319665e-90,31.0,37.0,34.0
A11,S1_VV_div_VH,0.03248913557211125,-0.0030594381618720867,0.006904361628346253,-0.40836803824163714,0.40836803824163714,1.561080736380032e-101,37.0,32.0,34.5
A14,S1_VV_div_VH,0.05295108613125908,0.012105346995342872,0.011252790843033354,0.20276219147931507,0.20276219147931507,1.0440889634681698e-24,18.0,52.0,35.0
A63,S1_VV_div_VH,0.017983236775247227,0.006327740714613885,0.003821670467929094,0.5856774765038861,0.5856774765038861,3.588378623260786e-231,58.0,12.0,35.0
A46,S1_VV_div_VH,0.01651258345077084,0.0002994705811202118,0.0035091376103041972,-0.6020550481609606,0.6020550481609606,1.4723184751456874e-247,62.0,8.0,35.0
A02,S1_VV_div_VH,0.034640833357002056,0.012714533442271123,0.007361625244634962,-0.380573490310926,0.380573490310926,2.3799172716269655e-87,33.0,38.0,35.5
A49,S1_VV_div_VH,0.07361451101078065,-0.019866521255368405,0.015644035957318583,-0.051654130997472514,0.051654130997472514,0.00963049465541355,14.0,59.0,36.5
A48,S1_VV_div_VH,0.03146091932189654,0.013420690175280027,0.006685852372910155,-0.39754652650794164,0.39754652650794164,7.548849070880315e-96,38.0,35.0,36.5
A35,S1_VV_div_VH,0.04037317553846226,-0.0031856330172320897,0.008579822118798597,0.22114763931688092,0.22114763931688092,3.4301392659373757e-29,24.0,51.0,37.5
A37,S1_VV_div_VH,0.07382819518184132,0.01680281744943928,0.01568944660814928,-0.017227639714271895,0.017227639714271895,0.38818742784455246,13.0,63.0,38.0
A07,S1_VV_div_VH,0.04534663369854078,0.007317976671737447,0.009636746320564925,0.16501232372652966,0.16501232372652966,8.668336192903719e-17,22.0,54.0,38.0
A17,S1_VV_div_VH,0.021049755647354982,0.0028512451378800508,0.004473345400498085,-0.44501217738787646,0.44501217738787646,2.067643169921539e-122,49.0,28.0,38.5
A15,S1_VV_div_VH,0.049750424855150625,0.007316158206153086,0.010572608914183686,0.06365246303603647,0.06365246303603647,0.0014165107169327117,20.0,58.0,39.0
A60,S1_VV_div_VH,0.01911896816258242,0.0025495593788191413,0.004063028080950867,-0.4748746392550326,0.4748746392550326,1.9869317085594752e-141,55.0,23.0,39.0
A45,S1_VV_div_VH,0.03634053569984444,0.0015379479080894806,0.007722833981921431,0.1644376886580478,0.1644376886580478,1.110268936445205e-16,26.0,55.0,40.5
A00,S1_VV_div_VH,0.021117268500996548,0.0013864882830862347,0.004487692755325928,-0.40699711751709416,0.40699711751709416,8.41934793987636e-101,48.0,33.0,40.5
A58,S1_VV_div_VH,0.026906360127024912,-0.0005169690725521968,0.005717949620640658,0.35935981665620387,0.35935981665620387,2.0463574670839996e-77,42.0,40.0,41.0
A19,S1_VV_div_VH,0.025857163821894905,0.001677213417692761,0.005494981832111358,-0.3742081060115545,0.3742081060115545,2.730219920956315e-84,43.0,39.0,41.0
A36,S1_VV_div_VH,0.018601373476000823,-0.004045875942351171,0.00395303251381311,0.45506516549473486,0.45506516549473486,1.3295441558251287e-128,56.0,26.0,41.0
A34,S1_VV_div_VH,0.017440696405869646,-0.004223874593294008,0.003706373620469266,-0.47446206303038374,0.47446206303038374,3.7498566479402967e-141,60.0,24.0,42.0
A20,S1_VV_div_VH,0.035518833197051736,0.0034719268845936325,0.007548211569527423,0.14267401883523112,0.14267401883523112,6.840268846549187e-13,29.0,56.0,42.5
A22,S1_VV_div_VH,0.027435567571004384,-0.002153324797848731,0.005830413048962325,0.26659007647303434,0.26659007647303434,4.0604313880054954e-42,41.0,47.0,44.0
A47,S1_VV_div_VH,0.02501152848012235,-0.0007001640375557292,0.005315273381809597,0.31605433574234176,0.31605433574234176,2.3144385541865903e-59,46.0,45.0,45.5
A08,S1_VV_div_VH,0.035458489692024066,-0.0002502660755732529,0.007535387794031513,-0.0059569700858676695,0.0059569700858676695,0.7654306531963715,30.0,64.0,47.0
A05,S1_VV_div_VH,0.019442722421369175,-0.001112250703020959,0.0041318300494248995,0.34629608354315167,0.34629608354315167,1.1584381938845667e-71,53.0,41.0,47.0
A13,S1_VV_div_VH,0.012330815270405191,0.0023554770308665,0.0026204577714986337,-0.4216442019401121,0.4216442019401121,8.440264037388119e-109,64.0,31.0,47.5
A38,S1_VV_div_VH,0.0182562274577223,-0.00497246347261642,0.003879684519697061,0.27736680643164136,0.27736680643164136,1.38837954453083e-45,57.0,46.0,51.5
A28,S1_VV_div_VH,0.019988538601460826,0.003620233121136185,0.004247823049041369,-0.07002631402670188,0.07002631402670188,0.00044546117143435816,50.0,57.0,53.5
A16,S1_VV_div_VH,0.01682081399613568,0.0022970469927910014,0.003574640588842292,0.22672367856983533,0.22672367856983533,1.2365339420243478e-30,61.0,50.0,55.5
A33,S1_VV_div_VH,0.013538785604320744,0.0003225753553983225,0.002877167095240274,-0.24357061849090084,0.24357061849090084,3.103476865707099e-35,63.0,48.0,55.5
A54,S1_VV_div_VH,0.019966000354031,0.002320921397778419,0.004243033379880142,-0.03818462925519444,0.03818462925519444,0.05572602094259475,51.0,61.0,56.0
A51,S1_VV_div_VH,0.019290660278987733,-0.0036139798616333925,0.00409951487690662,0.036413762578203265,0.036413762578203265,0.06809378066076519,54.0,62.0,58.0
